{
  "n_tasks": 12,
  "task_names": [
    "NR-AR",
    "NR-AR-LBD",
    "NR-AhR",
    "NR-Aromatase",
    "NR-ER",
    "NR-ER-LBD",
    "NR-PPAR-gamma",
    "SR-ARE",
    "SR-ATAD5",
    "SR-HSE",
    "SR-MMP",
    "SR-p53"
  ],
  "validation_method": "empirical",
  "empirical_validation": {
    "pearson_r": 0.7387679845242943,
    "pearson_p": 4.9585018364045066e-24,
    "spearman_r": 0.48409427395476906,
    "spearman_p": 4.084230212704915e-09,
    "sign_agreement": 0.8333333333333334,
    "n_valid_pairs": 132
  },
  "n_documented_pairs": 20.0,
  "basic_validation": {
    "pearson_r": 0.6674394744782097,
    "pearson_p": 0.0013036332198854523,
    "spearman_r": 0.3302891295379082,
    "spearman_p": 0.15494767376770502,
    "sign_agreement": 0.9,
    "n_documented_pairs": 20,
    "n_matches": 0,
    "n_mismatches": 1,
    "matches": [],
    "mismatches": [
      [
        "SR-HSE",
        "SR-MMP",
        -9.043566401700559e-05,
        0.4
      ]
    ]
  },
  "statistical_analysis": {
    "silhouette": {
      "silhouette_score": 0.014969130865156261,
      "n_clusters": 5,
      "cluster_labels": [
        1,
        1,
        3,
        3,
        1,
        1,
        2,
        3,
        2,
        4,
        3,
        5
      ],
      "clusters": {
        "1": [
          "NR-AR",
          "NR-AR-LBD",
          "NR-ER",
          "NR-ER-LBD"
        ],
        "3": [
          "NR-AhR",
          "NR-Aromatase",
          "SR-ARE",
          "SR-MMP"
        ],
        "2": [
          "NR-PPAR-gamma",
          "SR-ATAD5"
        ],
        "4": [
          "SR-HSE"
        ],
        "5": [
          "SR-p53"
        ]
      },
      "linkage_matrix": [
        [
          0.0,
          1.0,
          0.9137824895145454,
          2.0
        ],
        [
          4.0,
          5.0,
          0.948583636843797,
          2.0
        ],
        [
          7.0,
          10.0,
          0.9520429435476878,
          2.0
        ],
        [
          2.0,
          14.0,
          0.9683036722845202,
          3.0
        ],
        [
          12.0,
          13.0,
          0.9727690380778602,
          4.0
        ],
        [
          3.0,
          15.0,
          0.9820422194630997,
          4.0
        ],
        [
          6.0,
          8.0,
          0.986416818904442,
          2.0
        ],
        [
          16.0,
          18.0,
          0.9896197171640624,
          6.0
        ],
        [
          9.0,
          11.0,
          0.9898670135307635,
          2.0
        ],
        [
          17.0,
          20.0,
          0.992823527114701,
          6.0
        ],
        [
          19.0,
          21.0,
          0.9940479251349389,
          12.0
        ]
      ]
    },
    "cluster_recovery": {
      "error": "Insufficient overlap between predicted and true clusters"
    }
  },
  "pearson_r": 0.7387679845242943,
  "permutation_p": 0.0,
  "bootstrap_ci": [
    0.5353777329172735,
    0.8353503295822944
  ],
  "silhouette_score": 0.014969130865156261,
  "n_clusters": 5
}